{"cameraMode":{"drawMode":0,"name":"Shaded","section":"Shading Mode"},"sceneLighting":true,"audioPlay":false,"sceneViewState":{"m_AlwaysRefresh":false,"showFog":true,"showSkybox":true,"showFlares":true,"showImageEffects":true,"showParticleSystems":true,"showVisualEffectGraphs":true,"m_FxEnabled":true},"in2DMode":false,"pivot":{"x":1593.6705322265625,"y":719.5009765625,"z":-547.9369506835938},"rotation":{"x":0.10480555891990662,"y":-0.004474812187254429,"z":0.0004715655813924968,"w":0.994477391242981},"size":224.01011657714845,"orthographic":false}